date,day_of_week,day_off,holiday
2015/1/1,4,1,NewYearsDay
2015/1/2,5,1,NewYearsDay
2015/1/3,6,1,NewYearsDay
2015/1/4,7,0,
2015/1/5,1,0,
2015/1/6,2,0,
2015/1/7,3,0,
2015/1/8,4,0,
2015/1/9,5,0,
2015/1/10,6,1,
2015/1/11,7,1,
2015/1/12,1,0,
2015/1/13,2,0,
2015/1/14,3,0,
2015/1/15,4,0,
2015/1/16,5,0,
2015/1/17,6,1,
2015/1/18,7,1,
2015/1/19,1,0,
2015/1/20,2,0,
2015/1/21,3,0,
2015/1/22,4,0,
2015/1/23,5,0,
2015/1/24,6,1,
2015/1/25,7,1,
2015/1/26,1,0,
2015/1/27,2,0,
2015/1/28,3,0,
2015/1/29,4,0,
2015/1/30,5,0,
2015/1/31,6,1,
2015/2/1,7,1,
2015/2/2,1,0,
2015/2/3,2,0,
2015/2/4,3,0,
2015/2/5,4,0,
2015/2/6,5,0,
2015/2/7,6,1,
2015/2/8,7,1,
2015/2/9,1,0,
2015/2/10,2,0,
2015/2/11,3,0,
2015/2/12,4,0,
2015/2/13,5,0,
2015/2/14,6,1,
2015/2/15,7,0,
2015/2/16,1,0,
2015/2/17,2,0,
2015/2/18,3,1,ChineseNewYearsEve
2015/2/19,4,1,ChineseNewYear
2015/2/20,5,1,ChineseNewYear
2015/2/21,6,1,ChineseNewYear
2015/2/22,7,1,ChineseNewYear
2015/2/23,1,1,ChineseNewYear
2015/2/24,2,1,ChineseNewYear
2015/2/25,3,0,
2015/2/26,4,0,
2015/2/27,5,0,
2015/2/28,6,0,
2015/3/1,7,1,
2015/3/2,1,0,
2015/3/3,2,0,
2015/3/4,3,0,
2015/3/5,4,0,
2015/3/6,5,0,
2015/3/7,6,1,
2015/3/8,7,1,
2015/3/9,1,0,
2015/3/10,2,0,
2015/3/11,3,0,
2015/3/12,4,0,
2015/3/13,5,0,
2015/3/14,6,1,
2015/3/15,7,1,
2015/3/16,1,0,
2015/3/17,2,0,
2015/3/18,3,0,
2015/3/19,4,0,
2015/3/20,5,0,
2015/3/21,6,1,
2015/3/22,7,1,
2015/3/23,1,0,
2015/3/24,2,0,
2015/3/25,3,0,
2015/3/26,4,0,
2015/3/27,5,0,
2015/3/28,6,1,
2015/3/29,7,1,
2015/3/30,1,0,
2015/3/31,2,0,
2015/4/1,3,0,
2015/4/2,4,0,
2015/4/3,5,0,
2015/4/4,6,1,QingMing
2015/4/5,7,1,QingMing
2015/4/6,1,1,QingMing
2015/4/7,2,0,
2015/4/8,3,0,
2015/4/9,4,0,
2015/4/10,5,0,
2015/4/11,6,1,
2015/4/12,7,1,
2015/4/13,1,0,
2015/4/14,2,0,
2015/4/15,3,0,
2015/4/16,4,0,
2015/4/17,5,0,
2015/4/18,6,1,
2015/4/19,7,1,
2015/4/20,1,0,
2015/4/21,2,0,
2015/4/22,3,0,
2015/4/23,4,0,
2015/4/24,5,0,
2015/4/25,6,1,
2015/4/26,7,1,
2015/4/27,1,0,
2015/4/28,2,0,
2015/4/29,3,0,
2015/4/30,4,0,
2015/5/1,5,1,LaborsDay
2015/5/2,6,1,LaborsDay
2015/5/3,7,1,LaborsDay
2015/5/4,1,0,
2015/5/5,2,0,
2015/5/6,3,0,
2015/5/7,4,0,
2015/5/8,5,0,
2015/5/9,6,1,
2015/5/10,7,1,
2015/5/11,1,0,
2015/5/12,2,0,
2015/5/13,3,0,
2015/5/14,4,0,
2015/5/15,5,0,
2015/5/16,6,1,
2015/5/17,7,1,
2015/5/18,1,0,
2015/5/19,2,0,
2015/5/20,3,0,
2015/5/21,4,0,
2015/5/22,5,0,
2015/5/23,6,1,
2015/5/24,7,1,
2015/5/25,1,0,
2015/5/26,2,0,
2015/5/27,3,0,
2015/5/28,4,0,
2015/5/29,5,0,
2015/5/30,6,1,
2015/5/31,7,1,
2015/6/1,1,0,
2015/6/2,2,0,
2015/6/3,3,0,
2015/6/4,4,0,
2015/6/5,5,0,
2015/6/6,6,1,
2015/6/7,7,1,
2015/6/8,1,0,
2015/6/9,2,0,
2015/6/10,3,0,
2015/6/11,4,0,
2015/6/12,5,0,
2015/6/13,6,1,
2015/6/14,7,1,
2015/6/15,1,0,
2015/6/16,2,0,
2015/6/17,3,0,
2015/6/18,4,0,
2015/6/19,5,0,
2015/6/20,6,1,DragonBoatDay
2015/6/21,7,1,DragonBoatDay
2015/6/22,1,1,DragonBoatDay
2015/6/23,2,0,
2015/6/24,3,0,
2015/6/25,4,0,
2015/6/26,5,0,
2015/6/27,6,1,
2015/6/28,7,1,
2015/6/29,1,0,
2015/6/30,2,0,
2015/7/1,3,0,
2015/7/2,4,0,
2015/7/3,5,0,
2015/7/4,6,1,
2015/7/5,7,1,
2015/7/6,1,0,
2015/7/7,2,0,
2015/7/8,3,0,
2015/7/9,4,0,
2015/7/10,5,0,
2015/7/11,6,1,
2015/7/12,7,1,
2015/7/13,1,0,
2015/7/14,2,0,
2015/7/15,3,0,
2015/7/16,4,0,
2015/7/17,5,0,
2015/7/18,6,1,
2015/7/19,7,1,
2015/7/20,1,0,
2015/7/21,2,0,
2015/7/22,3,0,
2015/7/23,4,0,
2015/7/24,5,0,
2015/7/25,6,1,
2015/7/26,7,1,
2015/7/27,1,0,
2015/7/28,2,0,
2015/7/29,3,0,
2015/7/30,4,0,
2015/7/31,5,0,
2015/8/1,6,1,
2015/8/2,7,1,
2015/8/3,1,0,
2015/8/4,2,0,
2015/8/5,3,0,
2015/8/6,4,0,
2015/8/7,5,0,
2015/8/8,6,1,
2015/8/9,7,1,
2015/8/10,1,0,
2015/8/11,2,0,
2015/8/12,3,0,
2015/8/13,4,0,
2015/8/14,5,0,
2015/8/15,6,1,
2015/8/16,7,1,
2015/8/17,1,0,
2015/8/18,2,0,
2015/8/19,3,0,
2015/8/20,4,0,
2015/8/21,5,0,
2015/8/22,6,1,
2015/8/23,7,1,
2015/8/24,1,0,
2015/8/25,2,0,
2015/8/26,3,0,
2015/8/27,4,0,
2015/8/28,5,0,
2015/8/29,6,1,
2015/8/30,7,1,
2015/8/31,1,0,
2015/9/1,2,0,
2015/9/2,3,0,
2015/9/3,4,0,
2015/9/4,5,0,
2015/9/5,6,1,
2015/9/6,7,1,
2015/9/7,1,0,
2015/9/8,2,0,
2015/9/9,3,0,
2015/9/10,4,0,
2015/9/11,5,0,
2015/9/12,6,1,
2015/9/13,7,1,
2015/9/14,1,0,
2015/9/15,2,0,
2015/9/16,3,0,
2015/9/17,4,0,
2015/9/18,5,0,
2015/9/19,6,1,
2015/9/20,7,1,
2015/9/21,1,0,
2015/9/22,2,0,
2015/9/23,3,0,
2015/9/24,4,0,
2015/9/25,5,0,
2015/9/26,6,1,
2015/9/27,7,1,MoonFestival
2015/9/28,1,0,
2015/9/29,2,0,
2015/9/30,3,0,
2015/10/1,4,1,NationalDay
2015/10/2,5,1,NationalDay
2015/10/3,6,1,NationalDay
2015/10/4,7,1,NationalDay
2015/10/5,1,1,NationalDay
2015/10/6,2,1,NationalDay
2015/10/7,3,1,NationalDay
2015/10/8,4,0,
2015/10/9,5,0,
2015/10/10,6,0,
2015/10/11,7,1,
2015/10/12,1,0,
2015/10/13,2,0,
2015/10/14,3,0,
2015/10/15,4,0,
2015/10/16,5,0,
2015/10/17,6,1,
2015/10/18,7,1,
2015/10/19,1,0,
2015/10/20,2,0,
2015/10/21,3,0,
2015/10/22,4,0,
2015/10/23,5,0,
2015/10/24,6,1,
2015/10/25,7,1,
2015/10/26,1,0,
2015/10/27,2,0,
2015/10/28,3,0,
2015/10/29,4,0,
2015/10/30,5,0,
2015/10/31,6,1,
2015/11/1,7,1,
2015/11/2,1,0,
2015/11/3,2,0,
2015/11/4,3,0,
2015/11/5,4,0,
2015/11/6,5,0,
2015/11/7,6,1,
2015/11/8,7,1,
2015/11/9,1,0,
2015/11/10,2,0,
2015/11/11,3,0,
2015/11/12,4,0,
2015/11/13,5,0,
2015/11/14,6,1,
2015/11/15,7,1,
2015/11/16,1,0,
2015/11/17,2,0,
2015/11/18,3,0,
2015/11/19,4,0,
2015/11/20,5,0,
2015/11/21,6,1,
2015/11/22,7,1,
2015/11/23,1,0,
2015/11/24,2,0,
2015/11/25,3,0,
2015/11/26,4,0,
2015/11/27,5,0,
2015/11/28,6,1,
2015/11/29,7,1,
2015/11/30,1,0,
2015/12/1,2,0,
2015/12/2,3,0,
2015/12/3,4,0,
2015/12/4,5,0,
2015/12/5,6,1,
2015/12/6,7,1,
2015/12/7,1,0,
2015/12/8,2,0,
2015/12/9,3,0,
2015/12/10,4,0,
2015/12/11,5,0,
2015/12/12,6,1,
2015/12/13,7,1,
2015/12/14,1,0,
2015/12/15,2,0,
2015/12/16,3,0,
2015/12/17,4,0,
2015/12/18,5,0,
2015/12/19,6,1,
2015/12/20,7,1,
2015/12/21,1,0,
2015/12/22,2,0,
2015/12/23,3,0,
2015/12/24,4,0,
2015/12/25,5,0,
2015/12/26,6,1,
2015/12/27,7,1,
2015/12/28,1,0,
2015/12/29,2,0,
2015/12/30,3,0,
2015/12/31,4,0,
2016/1/1,5,1,NewYearsDay
2016/1/2,6,1,NewYearsDay
2016/1/3,7,1,NewYearsDay
2016/1/4,1,0,
2016/1/5,2,0,
2016/1/6,3,0,
2016/1/7,4,0,
2016/1/8,5,0,
2016/1/9,6,1,
2016/1/10,7,1,
2016/1/11,1,0,
2016/1/12,2,0,
2016/1/13,3,0,
2016/1/14,4,0,
2016/1/15,5,0,
2016/1/16,6,1,
2016/1/17,7,1,
2016/1/18,1,0,
2016/1/19,2,0,
2016/1/20,3,0,
2016/1/21,4,0,
2016/1/22,5,0,
2016/1/23,6,1,
2016/1/24,7,1,
2016/1/25,1,0,
2016/1/26,2,0,
2016/1/27,3,0,
2016/1/28,4,0,
2016/1/29,5,0,
2016/1/30,6,1,
2016/1/31,7,1,
2016/2/1,1,0,
2016/2/2,2,0,
2016/2/3,3,0,
2016/2/4,4,0,
2016/2/5,5,0,
2016/2/6,6,0,
2016/2/7,7,1,ChineseNewYearsEve
2016/2/8,1,1,ChineseNewYear
2016/2/9,2,1,ChineseNewYear
2016/2/10,3,1,ChineseNewYear
2016/2/11,4,1,ChineseNewYear
2016/2/12,5,1,ChineseNewYear
2016/2/13,6,1,ChineseNewYear
2016/2/14,7,0,
2016/2/15,1,0,
2016/2/16,2,0,
2016/2/17,3,0,
2016/2/18,4,0,
2016/2/19,5,0,
2016/2/20,6,1,
2016/2/21,7,1,
2016/2/22,1,0,
2016/2/23,2,0,
2016/2/24,3,0,
2016/2/25,4,0,
2016/2/26,5,0,
2016/2/27,6,1,
2016/2/28,7,1,
2016/2/29,1,0,
2016/3/1,2,0,
2016/3/2,3,0,
2016/3/3,4,0,
2016/3/4,5,0,
2016/3/5,6,1,
2016/3/6,7,1,
2016/3/7,1,0,
2016/3/8,2,0,
2016/3/9,3,0,
2016/3/10,4,0,
2016/3/11,5,0,
2016/3/12,6,1,
2016/3/13,7,1,
2016/3/14,1,0,
2016/3/15,2,0,
2016/3/16,3,0,
2016/3/17,4,0,
2016/3/18,5,0,
2016/3/19,6,1,
2016/3/20,7,1,
2016/3/21,1,0,
2016/3/22,2,0,
2016/3/23,3,0,
2016/3/24,4,0,
2016/3/25,5,0,
2016/3/26,6,1,
2016/3/27,7,1,
2016/3/28,1,0,
2016/3/29,2,0,
2016/3/30,3,0,
2016/3/31,4,0,
2016/4/1,5,0,
2016/4/2,6,1,QingMing
2016/4/3,7,1,QingMing
2016/4/4,1,1,QingMing
2016/4/5,2,0,
2016/4/6,3,0,
2016/4/7,4,0,
2016/4/8,5,0,
2016/4/9,6,1,
2016/4/10,7,1,
2016/4/11,1,0,
2016/4/12,2,0,
2016/4/13,3,0,
2016/4/14,4,0,
2016/4/15,5,0,
2016/4/16,6,1,
2016/4/17,7,1,
2016/4/18,1,0,
2016/4/19,2,0,
2016/4/20,3,0,
2016/4/21,4,0,
2016/4/22,5,0,
2016/4/23,6,1,
2016/4/24,7,1,
2016/4/25,1,0,
2016/4/26,2,0,
2016/4/27,3,0,
2016/4/28,4,0,
2016/4/29,5,0,
2016/4/30,6,1,LaborsDay
2016/5/1,7,1,LaborsDay
2016/5/2,1,1,LaborsDay
2016/5/3,2,0,
2016/5/4,3,0,
2016/5/5,4,0,
2016/5/6,5,0,
2016/5/7,6,1,
2016/5/8,7,1,
2016/5/9,1,0,
2016/5/10,2,0,
2016/5/11,3,0,
2016/5/12,4,0,
2016/5/13,5,0,
2016/5/14,6,1,
2016/5/15,7,1,
2016/5/16,1,0,
2016/5/17,2,0,
2016/5/18,3,0,
2016/5/19,4,0,
2016/5/20,5,0,
2016/5/21,6,1,
2016/5/22,7,1,
2016/5/23,1,0,
2016/5/24,2,0,
2016/5/25,3,0,
2016/5/26,4,0,
2016/5/27,5,0,
2016/5/28,6,1,
2016/5/29,7,1,
2016/5/30,1,0,
2016/5/31,2,0,
2016/6/1,3,0,
2016/6/2,4,0,
2016/6/3,5,0,
2016/6/4,6,1,
2016/6/5,7,1,
2016/6/6,1,0,
2016/6/7,2,0,
2016/6/8,3,0,
2016/6/9,4,1,DragonBoatDay
2016/6/10,5,1,DragonBoatDay
2016/6/11,6,1,DragonBoatDay
2016/6/12,7,0,
2016/6/13,1,0,
2016/6/14,2,0,
2016/6/15,3,0,
2016/6/16,4,0,
2016/6/17,5,0,
2016/6/18,6,1,
2016/6/19,7,1,
2016/6/20,1,0,
2016/6/21,2,0,
2016/6/22,3,0,
2016/6/23,4,0,
2016/6/24,5,0,
2016/6/25,6,1,
2016/6/26,7,1,
2016/6/27,1,0,
2016/6/28,2,0,
2016/6/29,3,0,
2016/6/30,4,0,
2016/7/1,5,0,
2016/7/2,6,1,
2016/7/3,7,1,
2016/7/4,1,0,
2016/7/5,2,0,
2016/7/6,3,0,
2016/7/7,4,0,
2016/7/8,5,0,
2016/7/9,6,1,
2016/7/10,7,1,
2016/7/11,1,0,
2016/7/12,2,0,
2016/7/13,3,0,
2016/7/14,4,0,
2016/7/15,5,0,
2016/7/16,6,1,
2016/7/17,7,1,
2016/7/18,1,0,
2016/7/19,2,0,
2016/7/20,3,0,
2016/7/21,4,0,
2016/7/22,5,0,
2016/7/23,6,1,
2016/7/24,7,1,
2016/7/25,1,0,
2016/7/26,2,0,
2016/7/27,3,0,
2016/7/28,4,0,
2016/7/29,5,0,
2016/7/30,6,1,
2016/7/31,7,1,
2016/8/1,1,0,
2016/8/2,2,0,
2016/8/3,3,0,
2016/8/4,4,0,
2016/8/5,5,0,
2016/8/6,6,1,
2016/8/7,7,1,
2016/8/8,1,0,
2016/8/9,2,0,
2016/8/10,3,0,
2016/8/11,4,0,
2016/8/12,5,0,
2016/8/13,6,1,
2016/8/14,7,1,
2016/8/15,1,0,
2016/8/16,2,0,
2016/8/17,3,0,
2016/8/18,4,0,
2016/8/19,5,0,
2016/8/20,6,1,
2016/8/21,7,1,
2016/8/22,1,0,
2016/8/23,2,0,
2016/8/24,3,0,
2016/8/25,4,0,
2016/8/26,5,0,
2016/8/27,6,1,
2016/8/28,7,1,
2016/8/29,1,0,
2016/8/30,2,0,
2016/8/31,3,0,
2016/9/1,4,0,
2016/9/2,5,0,
2016/9/3,6,1,
2016/9/4,7,1,
2016/9/5,1,0,
2016/9/6,2,0,
2016/9/7,3,0,
2016/9/8,4,0,
2016/9/9,5,0,
2016/9/10,6,1,
2016/9/11,7,1,
2016/9/12,1,0,
2016/9/13,2,0,
2016/9/14,3,0,
2016/9/15,4,1,MoonFestival
2016/9/16,5,1,MoonFestival
2016/9/17,6,1,MoonFestival
2016/9/18,7,0,
2016/9/19,1,0,
2016/9/20,2,0,
2016/9/21,3,0,
2016/9/22,4,0,
2016/9/23,5,0,
2016/9/24,6,1,
2016/9/25,7,1,
2016/9/26,1,0,
2016/9/27,2,0,
2016/9/28,3,0,
2016/9/29,4,0,
2016/9/30,5,0,
2016/10/1,6,1,NationalDay
2016/10/2,7,1,NationalDay
2016/10/3,1,1,NationalDay
2016/10/4,2,1,NationalDay
2016/10/5,3,1,NationalDay
2016/10/6,4,1,NationalDay
2016/10/7,5,1,NationalDay
2016/10/8,6,0,
2016/10/9,7,0,
2016/10/10,1,0,
2016/10/11,2,0,
2016/10/12,3,0,
2016/10/13,4,0,
2016/10/14,5,0,
2016/10/15,6,1,
2016/10/16,7,1,
2016/10/17,1,0,
2016/10/18,2,0,
2016/10/19,3,0,
2016/10/20,4,0,
2016/10/21,5,0,
2016/10/22,6,1,
2016/10/23,7,1,
2016/10/24,1,0,
2016/10/25,2,0,
2016/10/26,3,0,
2016/10/27,4,0,
2016/10/28,5,0,
2016/10/29,6,1,
2016/10/30,7,1,
2016/10/31,1,0,
2016/11/1,2,0,
2016/11/2,3,0,
2016/11/3,4,0,
2016/11/4,5,0,
2016/11/5,6,1,
2016/11/6,7,1,
2016/11/7,1,0,
2016/11/8,2,0,
2016/11/9,3,0,
2016/11/10,4,0,
2016/11/11,5,0,
2016/11/12,6,1,
2016/11/13,7,1,
2016/11/14,1,0,
2016/11/15,2,0,
2016/11/16,3,0,
2016/11/17,4,0,
2016/11/18,5,0,
2016/11/19,6,1,
2016/11/20,7,1,
2016/11/21,1,0,
2016/11/22,2,0,
2016/11/23,3,0,
2016/11/24,4,0,
2016/11/25,5,0,
2016/11/26,6,1,
2016/11/27,7,1,
2016/11/28,1,0,
2016/11/29,2,0,
2016/11/30,3,0,
2016/12/1,4,0,
2016/12/2,5,0,
2016/12/3,6,1,
2016/12/4,7,1,
2016/12/5,1,0,
2016/12/6,2,0,
2016/12/7,3,0,
2016/12/8,4,0,
2016/12/9,5,0,
2016/12/10,6,1,
2016/12/11,7,1,
2016/12/12,1,0,
2016/12/13,2,0,
2016/12/14,3,0,
2016/12/15,4,0,
2016/12/16,5,0,
2016/12/17,6,1,
2016/12/18,7,1,
2016/12/19,1,0,
2016/12/20,2,0,
2016/12/21,3,0,
2016/12/22,4,0,
2016/12/23,5,0,
2016/12/24,6,1,
2016/12/25,7,1,
2016/12/26,1,0,
2016/12/27,2,0,
2016/12/28,3,0,
2016/12/29,4,0,
2016/12/30,5,0,
2016/12/31,6,1,NewYearsDay
2017/1/1,7,1,NewYearsDay
2017/1/2,1,1,NewYearsDay
2017/1/3,2,0,
2017/1/4,3,0,
2017/1/5,4,0,
2017/1/6,5,0,
2017/1/7,6,1,
2017/1/8,7,1,
2017/1/9,1,0,
2017/1/10,2,0,
2017/1/11,3,0,
2017/1/12,4,0,
2017/1/13,5,0,
2017/1/14,6,1,
2017/1/15,7,1,
2017/1/16,1,0,
2017/1/17,2,0,
2017/1/18,3,0,
2017/1/19,4,0,
2017/1/20,5,0,
2017/1/21,6,1,
2017/1/22,7,0,
2017/1/23,1,0,
2017/1/24,2,0,
2017/1/25,3,0,
2017/1/26,4,0,
2017/1/27,5,1,ChineseNewYearsEve
2017/1/28,6,1,ChineseNewYear
2017/1/29,7,1,ChineseNewYear
2017/1/30,1,1,ChineseNewYear
2017/1/31,2,1,ChineseNewYear
2017/2/1,3,1,ChineseNewYear
2017/2/2,4,1,ChineseNewYear
2017/2/3,5,0,
2017/2/4,6,0,
2017/2/5,7,1,
2017/2/6,1,0,
2017/2/7,2,0,
2017/2/8,3,0,
2017/2/9,4,0,
2017/2/10,5,0,
2017/2/11,6,1,
2017/2/12,7,1,
2017/2/13,1,0,
2017/2/14,2,0,
2017/2/15,3,0,
2017/2/16,4,0,
2017/2/17,5,0,
2017/2/18,6,1,
2017/2/19,7,1,
2017/2/20,1,0,
2017/2/21,2,0,
2017/2/22,3,0,
2017/2/23,4,0,
2017/2/24,5,0,
2017/2/25,6,1,
2017/2/26,7,1,
2017/2/27,1,0,
2017/2/28,2,0,
2017/3/1,3,0,
2017/3/2,4,0,
2017/3/3,5,0,
2017/3/4,6,1,
2017/3/5,7,1,
2017/3/6,1,0,
2017/3/7,2,0,
2017/3/8,3,0,
2017/3/9,4,0,
2017/3/10,5,0,
2017/3/11,6,1,
2017/3/12,7,1,
2017/3/13,1,0,
2017/3/14,2,0,
2017/3/15,3,0,
2017/3/16,4,0,
2017/3/17,5,0,
2017/3/18,6,1,
2017/3/19,7,1,
2017/3/20,1,0,
2017/3/21,2,0,
2017/3/22,3,0,
2017/3/23,4,0,
2017/3/24,5,0,
2017/3/25,6,1,
2017/3/26,7,1,
2017/3/27,1,0,
2017/3/28,2,0,
2017/3/29,3,0,
2017/3/30,4,0,
2017/3/31,5,0,
2017/4/1,6,0,
2017/4/2,7,1,QingMing
2017/4/3,1,1,QingMing
2017/4/4,2,1,QingMing
2017/4/5,3,0,
2017/4/6,4,0,
2017/4/7,5,0,
2017/4/8,6,1,
2017/4/9,7,1,
2017/4/10,1,0,
2017/4/11,2,0,
2017/4/12,3,0,
2017/4/13,4,0,
2017/4/14,5,0,
2017/4/15,6,1,
2017/4/16,7,1,
2017/4/17,1,0,
2017/4/18,2,0,
2017/4/19,3,0,
2017/4/20,4,0,
2017/4/21,5,0,
2017/4/22,6,1,
2017/4/23,7,1,
2017/4/24,1,0,
2017/4/25,2,0,
2017/4/26,3,0,
2017/4/27,4,0,
2017/4/28,5,0,
2017/4/29,6,1,LaborsDay
2017/4/30,7,1,LaborsDay
2017/5/1,1,1,LaborsDay
2017/5/2,2,0,
2017/5/3,3,0,
2017/5/4,4,0,
2017/5/5,5,0,
2017/5/6,6,1,
2017/5/7,7,1,
2017/5/8,1,0,
2017/5/9,2,0,
2017/5/10,3,0,
2017/5/11,4,0,
2017/5/12,5,0,
2017/5/13,6,1,
2017/5/14,7,1,
2017/5/15,1,0,
2017/5/16,2,0,
2017/5/17,3,0,
2017/5/18,4,0,
2017/5/19,5,0,
2017/5/20,6,1,
2017/5/21,7,1,
2017/5/22,1,0,
2017/5/23,2,0,
2017/5/24,3,0,
2017/5/25,4,0,
2017/5/26,5,0,
2017/5/27,6,0,
2017/5/28,7,1,DragonBoatDay
2017/5/29,1,1,DragonBoatDay
2017/5/30,2,1,DragonBoatDay
2017/5/31,3,0,
2017/6/1,4,0,
2017/6/2,5,0,
2017/6/3,6,1,
2017/6/4,7,1,
2017/6/5,1,0,
2017/6/6,2,0,
2017/6/7,3,0,
2017/6/8,4,0,
2017/6/9,5,0,
2017/6/10,6,1,
2017/6/11,7,1,
2017/6/12,1,0,
2017/6/13,2,0,
2017/6/14,3,0,
2017/6/15,4,0,
2017/6/16,5,0,
2017/6/17,6,1,
2017/6/18,7,1,
2017/6/19,1,0,
2017/6/20,2,0,
2017/6/21,3,0,
2017/6/22,4,0,
2017/6/23,5,0,
2017/6/24,6,1,
2017/6/25,7,1,
2017/6/26,1,0,
2017/6/27,2,0,
2017/6/28,3,0,
2017/6/29,4,0,
2017/6/30,5,0,
2017/7/1,6,1,
2017/7/2,7,1,
2017/7/3,1,0,
2017/7/4,2,0,
2017/7/5,3,0,
2017/7/6,4,0,
2017/7/7,5,0,
2017/7/8,6,1,
2017/7/9,7,1,
2017/7/10,1,0,
2017/7/11,2,0,
2017/7/12,3,0,
2017/7/13,4,0,
2017/7/14,5,0,
2017/7/15,6,1,
2017/7/16,7,1,
2017/7/17,1,0,
2017/7/18,2,0,
2017/7/19,3,0,
2017/7/20,4,0,
2017/7/21,5,0,
2017/7/22,6,1,
2017/7/23,7,1,
2017/7/24,1,0,
2017/7/25,2,0,
2017/7/26,3,0,
2017/7/27,4,0,
2017/7/28,5,0,
2017/7/29,6,1,
2017/7/30,7,1,
2017/7/31,1,0,
2017/8/1,2,0,
2017/8/2,3,0,
2017/8/3,4,0,
2017/8/4,5,0,
2017/8/5,6,1,
2017/8/6,7,1,
2017/8/7,1,0,
2017/8/8,2,0,
2017/8/9,3,0,
2017/8/10,4,0,
2017/8/11,5,0,
2017/8/12,6,1,
2017/8/13,7,1,
2017/8/14,1,0,
2017/8/15,2,0,
2017/8/16,3,0,
2017/8/17,4,0,
2017/8/18,5,0,
2017/8/19,6,1,
2017/8/20,7,1,
2017/8/21,1,0,
2017/8/22,2,0,
2017/8/23,3,0,
2017/8/24,4,0,
2017/8/25,5,0,
2017/8/26,6,1,
2017/8/27,7,1,
2017/8/28,1,0,
2017/8/29,2,0,
2017/8/30,3,0,
2017/8/31,4,0,
2017/9/1,5,0,
2017/9/2,6,1,
2017/9/3,7,1,
2017/9/4,1,0,
2017/9/5,2,0,
2017/9/6,3,0,
2017/9/7,4,0,
2017/9/8,5,0,
2017/9/9,6,1,
2017/9/10,7,1,
2017/9/11,1,0,
2017/9/12,2,0,
2017/9/13,3,0,
2017/9/14,4,0,
2017/9/15,5,0,
2017/9/16,6,1,
2017/9/17,7,1,
2017/9/18,1,0,
2017/9/19,2,0,
2017/9/20,3,0,
2017/9/21,4,0,
2017/9/22,5,0,
2017/9/23,6,1,
2017/9/24,7,1,
2017/9/25,1,0,
2017/9/26,2,0,
2017/9/27,3,0,
2017/9/28,4,0,
2017/9/29,5,0,
2017/9/30,6,0,
2017/10/1,7,1,NationalDay
2017/10/2,1,1,NationalDay
2017/10/3,2,1,NationalDay
2017/10/4,3,1,NationalDay
2017/10/5,4,1,NationalDay
2017/10/6,5,1,NationalDay
2017/10/7,6,1,NationalDay
2017/10/8,7,1,NationalDay
2017/10/9,1,0,
2017/10/10,2,0,
2017/10/11,3,0,
2017/10/12,4,0,
2017/10/13,5,0,
2017/10/14,6,1,
2017/10/15,7,1,
2017/10/16,1,0,
2017/10/17,2,0,
2017/10/18,3,0,
2017/10/19,4,0,
2017/10/20,5,0,
2017/10/21,6,1,
2017/10/22,7,1,
2017/10/23,1,0,
2017/10/24,2,0,
2017/10/25,3,0,
2017/10/26,4,0,
2017/10/27,5,0,
2017/10/28,6,1,
2017/10/29,7,1,
2017/10/30,1,0,
2017/10/31,2,0,
2017/11/1,3,0,
2017/11/2,4,0,
2017/11/3,5,0,
2017/11/4,6,1,
2017/11/5,7,1,
2017/11/6,1,0,
2017/11/7,2,0,
2017/11/8,3,0,
2017/11/9,4,0,
2017/11/10,5,0,
2017/11/11,6,1,
2017/11/12,7,1,
2017/11/13,1,0,
2017/11/14,2,0,
2017/11/15,3,0,
2017/11/16,4,0,
2017/11/17,5,0,
2017/11/18,6,1,
2017/11/19,7,1,
2017/11/20,1,0,
2017/11/21,2,0,
2017/11/22,3,0,
2017/11/23,4,0,
2017/11/24,5,0,
2017/11/25,6,1,
2017/11/26,7,1,
2017/11/27,1,0,
2017/11/28,2,0,
2017/11/29,3,0,
2017/11/30,4,0,
2017/12/1,5,0,
2017/12/2,6,1,
2017/12/3,7,1,
2017/12/4,1,0,
2017/12/5,2,0,
2017/12/6,3,0,
2017/12/7,4,0,
2017/12/8,5,0,
2017/12/9,6,1,
2017/12/10,7,1,
2017/12/11,1,0,
2017/12/12,2,0,
2017/12/13,3,0,
2017/12/14,4,0,
2017/12/15,5,0,
2017/12/16,6,1,
2017/12/17,7,1,
2017/12/18,1,0,
2017/12/19,2,0,
2017/12/20,3,0,
2017/12/21,4,0,
2017/12/22,5,0,
2017/12/23,6,1,
2017/12/24,7,1,
2017/12/25,1,0,
2017/12/26,2,0,
2017/12/27,3,0,
2017/12/28,4,0,
2017/12/29,5,0,
2017/12/30,6,1,NewYearsDay
2017/12/31,7,1,NewYearsDay
2018/1/1,1,1,NewYearsDay
2018/1/2,2,0,
2018/1/3,3,0,
2018/1/4,4,0,
2018/1/5,5,0,
2018/1/6,6,1,
2018/1/7,7,1,
2018/1/8,1,0,
2018/1/9,2,0,
2018/1/10,3,0,
2018/1/11,4,0,
2018/1/12,5,0,
2018/1/13,6,1,
2018/1/14,7,1,
2018/1/15,1,0,
2018/1/16,2,0,
2018/1/17,3,0,
2018/1/18,4,0,
2018/1/19,5,0,
2018/1/20,6,1,
2018/1/21,7,1,
2018/1/22,1,0,
2018/1/23,2,0,
2018/1/24,3,0,
2018/1/25,4,0,
2018/1/26,5,0,
2018/1/27,6,1,
2018/1/28,7,1,
2018/1/29,1,0,
2018/1/30,2,0,
2018/1/31,3,0,
2018/2/1,4,0,
2018/2/2,5,0,
2018/2/3,6,1,
2018/2/4,7,1,
2018/2/5,1,0,
2018/2/6,2,0,
2018/2/7,3,0,
2018/2/8,4,0,
2018/2/9,5,0,
2018/2/10,6,1,
2018/2/11,7,0,
2018/2/12,1,0,
2018/2/13,2,0,
2018/2/14,3,0,
2018/2/15,4,1,ChineseNewYearsEve
2018/2/16,5,1,ChineseNewYear
2018/2/17,6,1,ChineseNewYear
2018/2/18,7,1,ChineseNewYear
2018/2/19,1,1,ChineseNewYear
2018/2/20,2,1,ChineseNewYear
2018/2/21,3,1,ChineseNewYear
2018/2/22,4,0,
2018/2/23,5,0,
2018/2/24,6,0,
2018/2/25,7,1,
2018/2/26,1,0,
2018/2/27,2,0,
2018/2/28,3,0,
2018/3/1,4,0,
2018/3/2,5,0,
2018/3/3,6,1,
2018/3/4,7,1,
2018/3/5,1,0,
2018/3/6,2,0,
2018/3/7,3,0,
2018/3/8,4,0,
2018/3/9,5,0,
2018/3/10,6,1,
2018/3/11,7,1,
2018/3/12,1,0,
2018/3/13,2,0,
2018/3/14,3,0,
2018/3/15,4,0,
2018/3/16,5,0,
2018/3/17,6,1,
2018/3/18,7,1,
2018/3/19,1,0,
2018/3/20,2,0,
2018/3/21,3,0,
2018/3/22,4,0,
2018/3/23,5,0,
2018/3/24,6,1,
2018/3/25,7,1,
2018/3/26,1,0,
2018/3/27,2,0,
2018/3/28,3,0,
2018/3/29,4,0,
2018/3/30,5,0,
2018/3/31,6,1,
2018/4/1,7,1,
2018/4/2,1,0,
2018/4/3,2,0,
2018/4/4,3,0,
2018/4/5,4,1,QingMing
2018/4/6,5,1,QingMing
2018/4/7,6,1,QingMing
2018/4/8,7,0,
2018/4/9,1,0,
2018/4/10,2,0,
2018/4/11,3,0,
2018/4/12,4,0,
2018/4/13,5,0,
2018/4/14,6,1,
2018/4/15,7,1,
2018/4/16,1,0,
2018/4/17,2,0,
2018/4/18,3,0,
2018/4/19,4,0,
2018/4/20,5,0,
2018/4/21,6,1,
2018/4/22,7,1,
2018/4/23,1,0,
2018/4/24,2,0,
2018/4/25,3,0,
2018/4/26,4,0,
2018/4/27,5,0,
2018/4/28,6,0,
2018/4/29,7,1,LaborsDay
2018/4/30,1,1,LaborsDay
2018/5/1,2,1,LaborsDay
2018/5/2,3,0,
2018/5/3,4,0,
2018/5/4,5,0,
2018/5/5,6,1,
2018/5/6,7,1,
2018/5/7,1,0,
2018/5/8,2,0,
2018/5/9,3,0,
2018/5/10,4,0,
2018/5/11,5,0,
2018/5/12,6,1,
2018/5/13,7,1,
2018/5/14,1,0,
2018/5/15,2,0,
2018/5/16,3,0,
2018/5/17,4,0,
2018/5/18,5,0,
2018/5/19,6,1,
2018/5/20,7,1,
2018/5/21,1,0,
2018/5/22,2,0,
2018/5/23,3,0,
2018/5/24,4,0,
2018/5/25,5,0,
2018/5/26,6,1,
2018/5/27,7,1,
2018/5/28,1,0,
2018/5/29,2,0,
2018/5/30,3,0,
2018/5/31,4,0,
2018/6/1,5,0,
2018/6/2,6,1,
2018/6/3,7,1,
2018/6/4,1,0,
2018/6/5,2,0,
2018/6/6,3,0,
2018/6/7,4,0,
2018/6/8,5,0,
2018/6/9,6,1,
2018/6/10,7,1,
2018/6/11,1,0,
2018/6/12,2,0,
2018/6/13,3,0,
2018/6/14,4,0,
2018/6/15,5,0,
2018/6/16,6,1,DragonBoatDay
2018/6/17,7,1,DragonBoatDay
2018/6/18,1,1,DragonBoatDay
2018/6/19,2,0,
2018/6/20,3,0,
2018/6/21,4,0,
2018/6/22,5,0,
2018/6/23,6,1,
2018/6/24,7,1,
2018/6/25,1,0,
2018/6/26,2,0,
2018/6/27,3,0,
2018/6/28,4,0,
2018/6/29,5,0,
2018/6/30,6,1,
2018/7/1,7,1,
2018/7/2,1,0,
2018/7/3,2,0,
2018/7/4,3,0,
2018/7/5,4,0,
2018/7/6,5,0,
2018/7/7,6,1,
2018/7/8,7,1,
2018/7/9,1,0,
2018/7/10,2,0,
2018/7/11,3,0,
2018/7/12,4,0,
2018/7/13,5,0,
2018/7/14,6,1,
2018/7/15,7,1,
2018/7/16,1,0,
2018/7/17,2,0,
2018/7/18,3,0,
2018/7/19,4,0,
2018/7/20,5,0,
2018/7/21,6,1,
2018/7/22,7,1,
2018/7/23,1,0,
2018/7/24,2,0,
2018/7/25,3,0,
2018/7/26,4,0,
2018/7/27,5,0,
2018/7/28,6,1,
2018/7/29,7,1,
2018/7/30,1,0,
2018/7/31,2,0,
2018/8/1,3,0,
2018/8/2,4,0,
2018/8/3,5,0,
2018/8/4,6,1,
2018/8/5,7,1,
2018/8/6,1,0,
2018/8/7,2,0,
2018/8/8,3,0,
2018/8/9,4,0,
2018/8/10,5,0,
2018/8/11,6,1,
2018/8/12,7,1,
2018/8/13,1,0,
2018/8/14,2,0,
2018/8/15,3,0,
2018/8/16,4,0,
2018/8/17,5,0,
2018/8/18,6,1,
2018/8/19,7,1,
2018/8/20,1,0,
2018/8/21,2,0,
2018/8/22,3,0,
2018/8/23,4,0,
2018/8/24,5,0,
2018/8/25,6,1,
2018/8/26,7,1,
2018/8/27,1,0,
2018/8/28,2,0,
2018/8/29,3,0,
2018/8/30,4,0,
2018/8/31,5,0,
2018/9/1,6,1,
2018/9/2,7,1,
2018/9/3,1,0,
2018/9/4,2,0,
2018/9/5,3,0,
2018/9/6,4,0,
2018/9/7,5,0,
2018/9/8,6,1,
2018/9/9,7,1,
2018/9/10,1,0,
2018/9/11,2,0,
2018/9/12,3,0,
2018/9/13,4,0,
2018/9/14,5,0,
2018/9/15,6,1,
2018/9/16,7,1,
2018/9/17,1,0,
2018/9/18,2,0,
2018/9/19,3,0,
2018/9/20,4,0,
2018/9/21,5,0,
2018/9/22,6,1,MoonFestival
2018/9/23,7,1,MoonFestival
2018/9/24,1,1,MoonFestival
2018/9/25,2,0,
2018/9/26,3,0,
2018/9/27,4,0,
2018/9/28,5,0,
2018/9/29,6,0,
2018/9/30,7,0,
2018/10/1,1,1,NationalDay
2018/10/2,2,1,NationalDay
2018/10/3,3,1,NationalDay
2018/10/4,4,1,NationalDay
2018/10/5,5,1,NationalDay
2018/10/6,6,1,NationalDay
2018/10/7,7,1,NationalDay
2018/10/8,1,0,
2018/10/9,2,0,
2018/10/10,3,0,
2018/10/11,4,0,
2018/10/12,5,0,
2018/10/13,6,1,
2018/10/14,7,1,
2018/10/15,1,0,
2018/10/16,2,0,
2018/10/17,3,0,
2018/10/18,4,0,
2018/10/19,5,0,
2018/10/20,6,1,
2018/10/21,7,1,
2018/10/22,1,0,
2018/10/23,2,0,
2018/10/24,3,0,
2018/10/25,4,0,
2018/10/26,5,0,
2018/10/27,6,1,
2018/10/28,7,1,
2018/10/29,1,0,
2018/10/30,2,0,
2018/10/31,3,0,
2018/11/1,4,0,
2018/11/2,5,0,
2018/11/3,6,1,
2018/11/4,7,1,
2018/11/5,1,0,
2018/11/6,2,0,
2018/11/7,3,0,
2018/11/8,4,0,
2018/11/9,5,0,
2018/11/10,6,1,
2018/11/11,7,1,
2018/11/12,1,0,
2018/11/13,2,0,
2018/11/14,3,0,
2018/11/15,4,0,
2018/11/16,5,0,
2018/11/17,6,1,
2018/11/18,7,1,
2018/11/19,1,0,
2018/11/20,2,0,
2018/11/21,3,0,
2018/11/22,4,0,
2018/11/23,5,0,
2018/11/24,6,1,
2018/11/25,7,1,
2018/11/26,1,0,
2018/11/27,2,0,
2018/11/28,3,0,
2018/11/29,4,0,
2018/11/30,5,0,
2018/12/1,6,1,
2018/12/2,7,1,
2018/12/3,1,0,
2018/12/4,2,0,
2018/12/5,3,0,
2018/12/6,4,0,
2018/12/7,5,0,
2018/12/8,6,1,
2018/12/9,7,1,
2018/12/10,1,0,
2018/12/11,2,0,
2018/12/12,3,0,
2018/12/13,4,0,
2018/12/14,5,0,
2018/12/15,6,1,
2018/12/16,7,1,
2018/12/17,1,0,
2018/12/18,2,0,
2018/12/19,3,0,
2018/12/20,4,0,
2018/12/21,5,0,
2018/12/22,6,1,
2018/12/23,7,1,
2018/12/24,1,0,
2018/12/25,2,0,
2018/12/26,3,0,
2018/12/27,4,0,
2018/12/28,5,0,
2018/12/29,6,0,
2018/12/30,7,1,NewYearsDay
2018/12/31,1,1,NewYearsDay
2019/1/1,2,1,NewYearsDay
2019/1/2,3,0,
2019/1/3,4,0,
2019/1/4,5,0,
2019/1/5,6,1,
2019/1/6,7,1,
2019/1/7,1,0,
2019/1/8,2,0,
2019/1/9,3,0,
2019/1/10,4,0,
2019/1/11,5,0,
2019/1/12,6,1,
2019/1/13,7,1,
2019/1/14,1,0,
2019/1/15,2,0,
2019/1/16,3,0,
2019/1/17,4,0,
2019/1/18,5,0,
2019/1/19,6,1,
2019/1/20,7,1,
2019/1/21,1,0,
2019/1/22,2,0,
2019/1/23,3,0,
2019/1/24,4,0,
2019/1/25,5,0,
2019/1/26,6,1,
2019/1/27,7,1,
2019/1/28,1,0,
2019/1/29,2,0,
2019/1/30,3,0,
2019/1/31,4,0,
2019/2/1,5,0,
2019/2/2,6,0,
2019/2/3,7,0,
2019/2/4,1,1,ChineseNewYearsEve
2019/2/5,2,1,ChineseNewYear
2019/2/6,3,1,ChineseNewYear
2019/2/7,4,1,ChineseNewYear
2019/2/8,5,1,ChineseNewYear
2019/2/9,6,1,ChineseNewYear
2019/2/10,7,1,ChineseNewYear
2019/2/11,1,0,
2019/2/12,2,0,
2019/2/13,3,0,
2019/2/14,4,0,
2019/2/15,5,0,
2019/2/16,6,1,
2019/2/17,7,1,
2019/2/18,1,0,
2019/2/19,2,0,
2019/2/20,3,0,
2019/2/21,4,0,
2019/2/22,5,0,
2019/2/23,6,1,
2019/2/24,7,1,
2019/2/25,1,0,
2019/2/26,2,0,
2019/2/27,3,0,
2019/2/28,4,0,
2019/3/1,5,0,
2019/3/2,6,1,
2019/3/3,7,1,
2019/3/4,1,0,
2019/3/5,2,0,
2019/3/6,3,0,
2019/3/7,4,0,
2019/3/8,5,0,
2019/3/9,6,1,
2019/3/10,7,1,
2019/3/11,1,0,
2019/3/12,2,0,
2019/3/13,3,0,
2019/3/14,4,0,
2019/3/15,5,0,
2019/3/16,6,1,
2019/3/17,7,1,
2019/3/18,1,0,
2019/3/19,2,0,
2019/3/20,3,0,
2019/3/21,4,0,
2019/3/22,5,0,
2019/3/23,6,1,
2019/3/24,7,1,
2019/3/25,1,0,
2019/3/26,2,0,
2019/3/27,3,0,
2019/3/28,4,0,
2019/3/29,5,0,
2019/3/30,6,1,
2019/3/31,7,1,
2019/4/1,1,0,
2019/4/2,2,0,
2019/4/3,3,0,
2019/4/4,4,0,
2019/4/5,5,1,QingMing
2019/4/6,6,1,QingMing
2019/4/7,7,1,QingMing
2019/4/8,1,0,
2019/4/9,2,0,
2019/4/10,3,0,
2019/4/11,4,0,
2019/4/12,5,0,
2019/4/13,6,1,
2019/4/14,7,1,
2019/4/15,1,0,
2019/4/16,2,0,
2019/4/17,3,0,
2019/4/18,4,0,
2019/4/19,5,0,
2019/4/20,6,1,
2019/4/21,7,1,
2019/4/22,1,0,
2019/4/23,2,0,
2019/4/24,3,0,
2019/4/25,4,0,
2019/4/26,5,0,
2019/4/27,6,1,
2019/4/28,7,0,
2019/4/29,1,0,
2019/4/30,2,0,
2019/5/1,3,1,LaborsDay
2019/5/2,4,1,LaborsDay
2019/5/3,5,1,LaborsDay
2019/5/4,6,1,LaborsDay
2019/5/5,7,0,
2019/5/6,1,0,
2019/5/7,2,0,
2019/5/8,3,0,
2019/5/9,4,0,
2019/5/10,5,0,
2019/5/11,6,1,
2019/5/12,7,1,
2019/5/13,1,0,
2019/5/14,2,0,
2019/5/15,3,0,
2019/5/16,4,0,
2019/5/17,5,0,
2019/5/18,6,1,
2019/5/19,7,1,
2019/5/20,1,0,
2019/5/21,2,0,
2019/5/22,3,0,
2019/5/23,4,0,
2019/5/24,5,0,
2019/5/25,6,1,
2019/5/26,7,1,
2019/5/27,1,0,
2019/5/28,2,0,
2019/5/29,3,0,
2019/5/30,4,0,
2019/5/31,5,0,
2019/6/1,6,1,
2019/6/2,7,1,
2019/6/3,1,0,
2019/6/4,2,0,
2019/6/5,3,0,
2019/6/6,4,0,
2019/6/7,5,1,DragonBoatDay
2019/6/8,6,1,DragonBoatDay
2019/6/9,7,1,DragonBoatDay
2019/6/10,1,0,
2019/6/11,2,0,
2019/6/12,3,0,
2019/6/13,4,0,
2019/6/14,5,0,
2019/6/15,6,1,
2019/6/16,7,1,
2019/6/17,1,0,
2019/6/18,2,0,
2019/6/19,3,0,
2019/6/20,4,0,
2019/6/21,5,0,
2019/6/22,6,1,
2019/6/23,7,1,
2019/6/24,1,0,
2019/6/25,2,0,
2019/6/26,3,0,
2019/6/27,4,0,
2019/6/28,5,0,
2019/6/29,6,1,
2019/6/30,7,1,
2019/7/1,1,0,
2019/7/2,2,0,
2019/7/3,3,0,
2019/7/4,4,0,
2019/7/5,5,0,
2019/7/6,6,1,
2019/7/7,7,1,
2019/7/8,1,0,
2019/7/9,2,0,
2019/7/10,3,0,
2019/7/11,4,0,
2019/7/12,5,0,
2019/7/13,6,1,
2019/7/14,7,1,
2019/7/15,1,0,
2019/7/16,2,0,
2019/7/17,3,0,
2019/7/18,4,0,
2019/7/19,5,0,
2019/7/20,6,1,
2019/7/21,7,1,
2019/7/22,1,0,
2019/7/23,2,0,
2019/7/24,3,0,
2019/7/25,4,0,
2019/7/26,5,0,
2019/7/27,6,1,
2019/7/28,7,1,
2019/7/29,1,0,
2019/7/30,2,0,
2019/7/31,3,0,
2019/8/1,4,0,
2019/8/2,5,0,
2019/8/3,6,1,
2019/8/4,7,1,
2019/8/5,1,0,
2019/8/6,2,0,
2019/8/7,3,0,
2019/8/8,4,0,
2019/8/9,5,0,
2019/8/10,6,1,
2019/8/11,7,1,
2019/8/12,1,0,
2019/8/13,2,0,
2019/8/14,3,0,
2019/8/15,4,0,
2019/8/16,5,0,
2019/8/17,6,1,
2019/8/18,7,1,
2019/8/19,1,0,
2019/8/20,2,0,
2019/8/21,3,0,
2019/8/22,4,0,
2019/8/23,5,0,
2019/8/24,6,1,
2019/8/25,7,1,
2019/8/26,1,0,
2019/8/27,2,0,
2019/8/28,3,0,
2019/8/29,4,0,
2019/8/30,5,0,
2019/8/31,6,1,
2019/9/1,7,1,
2019/9/2,1,0,
2019/9/3,2,0,
2019/9/4,3,0,
2019/9/5,4,0,
2019/9/6,5,0,
2019/9/7,6,1,
2019/9/8,7,1,
2019/9/9,1,0,
2019/9/10,2,0,
2019/9/11,3,0,
2019/9/12,4,0,
2019/9/13,5,1,MoonFestival
2019/9/14,6,1,MoonFestival
2019/9/15,7,1,MoonFestival
2019/9/16,1,0,
2019/9/17,2,0,
2019/9/18,3,0,
2019/9/19,4,0,
2019/9/20,5,0,
2019/9/21,6,1,
2019/9/22,7,1,
2019/9/23,1,0,
2019/9/24,2,0,
2019/9/25,3,0,
2019/9/26,4,0,
2019/9/27,5,0,
2019/9/28,6,1,
2019/9/29,7,0,
2019/9/30,1,0,
2019/10/1,2,1,NationalDay
2019/10/2,3,1,NationalDay
2019/10/3,4,1,NationalDay
2019/10/4,5,1,NationalDay
2019/10/5,6,1,NationalDay
2019/10/6,7,1,NationalDay
2019/10/7,1,1,NationalDay
2019/10/8,2,0,
2019/10/9,3,0,
2019/10/10,4,0,
2019/10/11,5,0,
2019/10/12,6,0,
2019/10/13,7,1,
2019/10/14,1,0,
2019/10/15,2,0,
2019/10/16,3,0,
2019/10/17,4,0,
2019/10/18,5,0,
2019/10/19,6,1,
2019/10/20,7,1,
2019/10/21,1,0,
2019/10/22,2,0,
2019/10/23,3,0,
2019/10/24,4,0,
2019/10/25,5,0,
2019/10/26,6,1,
2019/10/27,7,1,
2019/10/28,1,0,
2019/10/29,2,0,
2019/10/30,3,0,
2019/10/31,4,0,
2019/11/1,5,0,
2019/11/2,6,1,
2019/11/3,7,1,
2019/11/4,1,0,
2019/11/5,2,0,
2019/11/6,3,0,
2019/11/7,4,0,
2019/11/8,5,0,
2019/11/9,6,1,
2019/11/10,7,1,
2019/11/11,1,0,
2019/11/12,2,0,
2019/11/13,3,0,
2019/11/14,4,0,
2019/11/15,5,0,
2019/11/16,6,1,
2019/11/17,7,1,
2019/11/18,1,0,
2019/11/19,2,0,
2019/11/20,3,0,
2019/11/21,4,0,
2019/11/22,5,0,
2019/11/23,6,1,
2019/11/24,7,1,
2019/11/25,1,0,
2019/11/26,2,0,
2019/11/27,3,0,
2019/11/28,4,0,
2019/11/29,5,0,
2019/11/30,6,1,
2019/12/1,7,1,
2019/12/2,1,0,
2019/12/3,2,0,
2019/12/4,3,0,
2019/12/5,4,0,
2019/12/6,5,0,
2019/12/7,6,1,
2019/12/8,7,1,
2019/12/9,1,0,
2019/12/10,2,0,
2019/12/11,3,0,
2019/12/12,4,0,
2019/12/13,5,0,
2019/12/14,6,1,
2019/12/15,7,1,
2019/12/16,1,0,
2019/12/17,2,0,
2019/12/18,3,0,
2019/12/19,4,0,
2019/12/20,5,0,
2019/12/21,6,1,
2019/12/22,7,1,
2019/12/23,1,0,
2019/12/24,2,0,
2019/12/25,3,0,
2019/12/26,4,0,
2019/12/27,5,0,
2019/12/28,6,1,
2019/12/29,7,1,
2019/12/30,1,0,
2019/12/31,2,0,
2020/1/1,3,1,NewYearsDay
2020/1/2,4,0,
2020/1/3,5,0,
2020/1/4,6,1,
2020/1/5,7,1,
2020/1/6,1,0,
2020/1/7,2,0,
2020/1/8,3,0,
2020/1/9,4,0,
2020/1/10,5,0,
2020/1/11,6,1,
2020/1/12,7,0,
2020/1/13,1,0,
2020/1/14,2,0,
2020/1/15,3,0,
2020/1/16,4,0,
2020/1/17,5,0,
2020/1/18,6,1,
2020/1/19,7,0,
2020/1/20,1,0,
2020/1/21,2,0,
2020/1/22,3,0,
2020/1/23,4,0,
2020/1/24,5,1,ChineseNewYearsEve
2020/1/25,6,1,ChineseNewYear
2020/1/26,7,1,ChineseNewYear
2020/1/27,1,1,ChineseNewYear
2020/1/28,2,1,ChineseNewYear
2020/1/29,3,1,ChineseNewYear
2020/1/30,4,1,ChineseNewYear
2020/1/31,5,1,
2020/2/1,6,1,
2020/2/2,7,1,
2020/2/3,1,1,
2020/2/4,2,1,
2020/2/5,3,1,
2020/2/6,4,1,
2020/2/7,5,1,
2020/2/8,6,1,
2020/2/9,7,1,
2020/2/10,1,0,
2020/2/11,2,0,
2020/2/12,3,0,
2020/2/13,4,0,
2020/2/14,5,0,
2020/2/15,6,1,
2020/2/16,7,1,
2020/2/17,1,0,
2020/2/18,2,0,
2020/2/19,3,0,
2020/2/20,4,0,
2020/2/21,5,0,
2020/2/22,6,1,
2020/2/23,7,1,
2020/2/24,1,0,
2020/2/25,2,0,
2020/2/26,3,0,
2020/2/27,4,0,
2020/2/28,5,0,
2020/2/29,6,1,
2020/3/1,7,1,
2020/3/2,1,0,
2020/3/3,2,0,
2020/3/4,3,0,
2020/3/5,4,0,
2020/3/6,5,0,
2020/3/7,6,1,
2020/3/8,7,1,
2020/3/9,1,0,
2020/3/10,2,0,
2020/3/11,3,0,
2020/3/12,4,0,
2020/3/13,5,0,
2020/3/14,6,1,
2020/3/15,7,1,
2020/3/16,1,0,
2020/3/17,2,0,
2020/3/18,3,0,
2020/3/19,4,0,
2020/3/20,5,0,
2020/3/21,6,1,
2020/3/22,7,1,
2020/3/23,1,0,
2020/3/24,2,0,
2020/3/25,3,0,
2020/3/26,4,0,
2020/3/27,5,0,
2020/3/28,6,1,
2020/3/29,7,1,
2020/3/30,1,0,
2020/3/31,2,0,
2020/4/1,3,0,
2020/4/2,4,0,
2020/4/3,5,0,
2020/4/4,6,1,QingMing
2020/4/5,7,1,QingMing
2020/4/6,1,1,QingMing
2020/4/7,2,0,
2020/4/8,3,0,
2020/4/9,4,0,
2020/4/10,5,0,
2020/4/11,6,1,
2020/4/12,7,1,
2020/4/13,1,0,
2020/4/14,2,0,
2020/4/15,3,0,
2020/4/16,4,0,
2020/4/17,5,0,
2020/4/18,6,1,
2020/4/19,7,1,
2020/4/20,1,0,
2020/4/21,2,0,
2020/4/22,3,0,
2020/4/23,4,0,
2020/4/24,5,0,
2020/4/25,6,1,
2020/4/26,7,0,
2020/4/27,1,0,
2020/4/28,2,0,
2020/4/29,3,0,
2020/4/30,4,0,
2020/5/1,5,1,LaborsDay
2020/5/2,6,1,LaborsDay
2020/5/3,7,1,LaborsDay
2020/5/4,1,1,LaborsDay
2020/5/5,2,1,LaborsDay
2020/5/6,3,0,
2020/5/7,4,0,
2020/5/8,5,0,
2020/5/9,6,0,
2020/5/10,7,1,
2020/5/11,1,0,
2020/5/12,2,0,
2020/5/13,3,0,
2020/5/14,4,0,
2020/5/15,5,0,
2020/5/16,6,1,
2020/5/17,7,1,
2020/5/18,1,0,
2020/5/19,2,0,
2020/5/20,3,0,
2020/5/21,4,0,
2020/5/22,5,0,
2020/5/23,6,1,
2020/5/24,7,1,
2020/5/25,1,0,
2020/5/26,2,0,
2020/5/27,3,0,
2020/5/28,4,0,
2020/5/29,5,0,
2020/5/30,6,1,
2020/5/31,7,1,
2020/6/1,1,0,
2020/6/2,2,0,
2020/6/3,3,0,
2020/6/4,4,0,
2020/6/5,5,0,
2020/6/6,6,1,
2020/6/7,7,1,
2020/6/8,1,0,
2020/6/9,2,0,
2020/6/10,3,0,
2020/6/11,4,0,
2020/6/12,5,0,
2020/6/13,6,1,
2020/6/14,7,1,
2020/6/15,1,0,
2020/6/16,2,0,
2020/6/17,3,0,
2020/6/18,4,0,
2020/6/19,5,0,
2020/6/20,6,1,
2020/6/21,7,1,
2020/6/22,1,0,
2020/6/23,2,0,
2020/6/24,3,0,
2020/6/25,4,1,DragonBoatDay
2020/6/26,5,1,DragonBoatDay
2020/6/27,6,1,DragonBoatDay
2020/6/28,7,0,
2020/6/29,1,0,
2020/6/30,2,0,
2020/7/1,3,0,
2020/7/2,4,0,
2020/7/3,5,0,
2020/7/4,6,1,
2020/7/5,7,1,
2020/7/6,1,0,
2020/7/7,2,0,
2020/7/8,3,0,
2020/7/9,4,0,
2020/7/10,5,0,
2020/7/11,6,1,
2020/7/12,7,1,
2020/7/13,1,0,
2020/7/14,2,0,
2020/7/15,3,0,
2020/7/16,4,0,
2020/7/17,5,0,
2020/7/18,6,1,
2020/7/19,7,1,
2020/7/20,1,0,
2020/7/21,2,0,
2020/7/22,3,0,
2020/7/23,4,0,
2020/7/24,5,0,
2020/7/25,6,1,
2020/7/26,7,1,
2020/7/27,1,0,
2020/7/28,2,0,
2020/7/29,3,0,
2020/7/30,4,0,
2020/7/31,5,0,
2020/8/1,6,1,
2020/8/2,7,1,
2020/8/3,1,0,
2020/8/4,2,0,
2020/8/5,3,0,
2020/8/6,4,0,
2020/8/7,5,0,
2020/8/8,6,1,
2020/8/9,7,1,
2020/8/10,1,0,
2020/8/11,2,0,
2020/8/12,3,0,
2020/8/13,4,0,
2020/8/14,5,0,
2020/8/15,6,1,
2020/8/16,7,1,
2020/8/17,1,0,
2020/8/18,2,0,
2020/8/19,3,0,
2020/8/20,4,0,
2020/8/21,5,0,
2020/8/22,6,1,
2020/8/23,7,1,
2020/8/24,1,0,
2020/8/25,2,0,
2020/8/26,3,0,
2020/8/27,4,0,
2020/8/28,5,0,
2020/8/29,6,1,
2020/8/30,7,1,
2020/8/31,1,0,
2020/9/1,2,0,
2020/9/2,3,0,
2020/9/3,4,0,
2020/9/4,5,0,
2020/9/5,6,1,
2020/9/6,7,1,
2020/9/7,1,0,
2020/9/8,2,0,
2020/9/9,3,0,
2020/9/10,4,0,
2020/9/11,5,0,
2020/9/12,6,1,
2020/9/13,7,1,
2020/9/14,1,0,
2020/9/15,2,0,
2020/9/16,3,0,
2020/9/17,4,0,
2020/9/18,5,0,
2020/9/19,6,1,
2020/9/20,7,1,
2020/9/21,1,0,
2020/9/22,2,0,
2020/9/23,3,0,
2020/9/24,4,0,
2020/9/25,5,0,
2020/9/26,6,1,
2020/9/27,7,0,
2020/9/28,1,0,
2020/9/29,2,0,
2020/9/30,3,0,
2020/10/1,4,1,NationalDay
2020/10/2,5,1,NationalDay
2020/10/3,6,1,NationalDay
2020/10/4,7,1,NationalDay
2020/10/5,1,1,NationalDay
2020/10/6,2,1,NationalDay
2020/10/7,3,1,NationalDay
2020/10/8,4,1,NationalDay
2020/10/9,5,0,
2020/10/10,6,0,
2020/10/11,7,1,
2020/10/12,1,0,
2020/10/13,2,0,
2020/10/14,3,0,
2020/10/15,4,0,
2020/10/16,5,0,
2020/10/17,6,1,
2020/10/18,7,1,
2020/10/19,1,0,
2020/10/20,2,0,
2020/10/21,3,0,
2020/10/22,4,0,
2020/10/23,5,0,
2020/10/24,6,1,
2020/10/25,7,1,
2020/10/26,1,0,
2020/10/27,2,0,
2020/10/28,3,0,
2020/10/29,4,0,
2020/10/30,5,0,
2020/10/31,6,1,
2020/11/1,7,1,
2020/11/2,1,0,
2020/11/3,2,0,
2020/11/4,3,0,
2020/11/5,4,0,
2020/11/6,5,0,
2020/11/7,6,1,
2020/11/8,7,1,
2020/11/9,1,0,
2020/11/10,2,0,
2020/11/11,3,0,
2020/11/12,4,0,
2020/11/13,5,0,
2020/11/14,6,1,
2020/11/15,7,1,
2020/11/16,1,0,
2020/11/17,2,0,
2020/11/18,3,0,
2020/11/19,4,0,
2020/11/20,5,0,
2020/11/21,6,1,
2020/11/22,7,1,
2020/11/23,1,0,
2020/11/24,2,0,
2020/11/25,3,0,
2020/11/26,4,0,
2020/11/27,5,0,
2020/11/28,6,1,
2020/11/29,7,1,
2020/11/30,1,0,
2020/12/1,2,0,
2020/12/2,3,0,
2020/12/3,4,0,
2020/12/4,5,0,
2020/12/5,6,1,
2020/12/6,7,1,
2020/12/7,1,0,
2020/12/8,2,0,
2020/12/9,3,0,
2020/12/10,4,0,
2020/12/11,5,0,
2020/12/12,6,1,
2020/12/13,7,1,
2020/12/14,1,0,
2020/12/15,2,0,
2020/12/16,3,0,
2020/12/17,4,0,
2020/12/18,5,0,
2020/12/19,6,1,
2020/12/20,7,1,
2020/12/21,1,0,
2020/12/22,2,0,
2020/12/23,3,0,
2020/12/24,4,0,
2020/12/25,5,0,
2020/12/26,6,1,
2020/12/27,7,1,
2020/12/28,1,0,
2020/12/29,2,0,
2020/12/30,3,0,
2020/12/31,4,0,
2021/1/1,5,1,NewYearsDay
2021/1/2,6,1,NewYearsDay
2021/1/3,7,1,NewYearsDay
2021/1/4,1,0,
2021/1/5,2,0,
2021/1/6,3,0,
2021/1/7,4,0,
2021/1/8,5,0,
2021/1/9,6,1,
2021/1/10,7,1,
2021/1/11,1,0,
2021/1/12,2,0,
2021/1/13,3,0,
2021/1/14,4,0,
2021/1/15,5,0,
2021/1/16,6,1,
2021/1/17,7,1,
2021/1/18,1,0,
2021/1/19,2,0,
2021/1/20,3,0,
2021/1/21,4,0,
2021/1/22,5,0,
2021/1/23,6,1,
2021/1/24,7,1,
2021/1/25,1,0,
2021/1/26,2,0,
2021/1/27,3,0,
2021/1/28,4,0,
2021/1/29,5,0,
2021/1/30,6,1,
2021/1/31,7,1,
2021/2/1,1,0,
2021/2/2,2,0,
2021/2/3,3,0,
2021/2/4,4,0,
2021/2/5,5,0,
2021/2/6,6,1,
2021/2/7,7,0,
2021/2/8,1,0,
2021/2/9,2,0,
2021/2/10,3,0,
2021/2/11,4,1,ChineseNewYearsEve
2021/2/12,5,1,ChineseNewYear
2021/2/13,6,1,ChineseNewYear
2021/2/14,7,1,ChineseNewYear
2021/2/15,1,1,ChineseNewYear
2021/2/16,2,1,ChineseNewYear
2021/2/17,3,1,ChineseNewYear
2021/2/18,4,0,
2021/2/19,5,0,
2021/2/20,6,0,
2021/2/21,7,1,
2021/2/22,1,0,
2021/2/23,2,0,
2021/2/24,3,0,
2021/2/25,4,0,
2021/2/26,5,0,
2021/2/27,6,1,
2021/2/28,7,1,
2021/3/1,1,0,
2021/3/2,2,0,
2021/3/3,3,0,
2021/3/4,4,0,
2021/3/5,5,0,
2021/3/6,6,1,
2021/3/7,7,1,
2021/3/8,1,0,
2021/3/9,2,0,
2021/3/10,3,0,
2021/3/11,4,0,
2021/3/12,5,0,
2021/3/13,6,1,
2021/3/14,7,1,
2021/3/15,1,0,
2021/3/16,2,0,
2021/3/17,3,0,
2021/3/18,4,0,
2021/3/19,5,0,
2021/3/20,6,1,
2021/3/21,7,1,
2021/3/22,1,0,
2021/3/23,2,0,
2021/3/24,3,0,
2021/3/25,4,0,
2021/3/26,5,0,
2021/3/27,6,1,
2021/3/28,7,1,
2021/3/29,1,0,
2021/3/30,2,0,
2021/3/31,3,0,
2021/4/1,4,0,
2021/4/2,5,0,
2021/4/3,6,1,QingMing
2021/4/4,7,1,QingMing
2021/4/5,1,1,QingMing
2021/4/6,2,0,
2021/4/7,3,0,
2021/4/8,4,0,
2021/4/9,5,0,
2021/4/10,6,1,
2021/4/11,7,1,
2021/4/12,1,0,
2021/4/13,2,0,
2021/4/14,3,0,
2021/4/15,4,0,
2021/4/16,5,0,
2021/4/17,6,1,
2021/4/18,7,1,
2021/4/19,1,0,
2021/4/20,2,0,
2021/4/21,3,0,
2021/4/22,4,0,
2021/4/23,5,0,
2021/4/24,6,1,
2021/4/25,7,0,
2021/4/26,1,0,
2021/4/27,2,0,
2021/4/28,3,0,
2021/4/29,4,0,
2021/4/30,5,0,
2021/5/1,6,1,LaborsDay
2021/5/2,7,1,LaborsDay
2021/5/3,1,1,LaborsDay
2021/5/4,2,1,LaborsDay
2021/5/5,3,1,LaborsDay
2021/5/6,4,0,
2021/5/7,5,0,
2021/5/8,6,0,
2021/5/9,7,1,
2021/5/10,1,0,
2021/5/11,2,0,
2021/5/12,3,0,
2021/5/13,4,0,
2021/5/14,5,0,
2021/5/15,6,1,
2021/5/16,7,1,
2021/5/17,1,0,
2021/5/18,2,0,
2021/5/19,3,0,
2021/5/20,4,0,
2021/5/21,5,0,
2021/5/22,6,1,
2021/5/23,7,1,
2021/5/24,1,0,
2021/5/25,2,0,
2021/5/26,3,0,
2021/5/27,4,0,
2021/5/28,5,0,
2021/5/29,6,1,
2021/5/30,7,1,
2021/5/31,1,0,
2021/6/1,2,0,
2021/6/2,3,0,
2021/6/3,4,0,
2021/6/4,5,0,
2021/6/5,6,1,
2021/6/6,7,1,
2021/6/7,1,0,
2021/6/8,2,0,
2021/6/9,3,0,
2021/6/10,4,0,
2021/6/11,5,0,
2021/6/12,6,1,DragonBoatDay
2021/6/13,7,1,DragonBoatDay
2021/6/14,1,1,DragonBoatDay
2021/6/15,2,0,
2021/6/16,3,0,
2021/6/17,4,0,
2021/6/18,5,0,
2021/6/19,6,1,
2021/6/20,7,1,
2021/6/21,1,0,
2021/6/22,2,0,
2021/6/23,3,0,
2021/6/24,4,0,
2021/6/25,5,0,
2021/6/26,6,1,
2021/6/27,7,1,
2021/6/28,1,0,
2021/6/29,2,0,
2021/6/30,3,0,
2021/7/1,4,0,
2021/7/2,5,0,
2021/7/3,6,1,
2021/7/4,7,1,
2021/7/5,1,0,
2021/7/6,2,0,
2021/7/7,3,0,
2021/7/8,4,0,
2021/7/9,5,0,
2021/7/10,6,1,
2021/7/11,7,1,
2021/7/12,1,0,
2021/7/13,2,0,
2021/7/14,3,0,
2021/7/15,4,0,
2021/7/16,5,0,
2021/7/17,6,1,
2021/7/18,7,1,
2021/7/19,1,0,
2021/7/20,2,0,
2021/7/21,3,0,
2021/7/22,4,0,
2021/7/23,5,0,
2021/7/24,6,1,
2021/7/25,7,1,
2021/7/26,1,0,
2021/7/27,2,0,
2021/7/28,3,0,
2021/7/29,4,0,
2021/7/30,5,0,
2021/7/31,6,1,
2021/8/1,7,1,
2021/8/2,1,0,
2021/8/3,2,0,
2021/8/4,3,0,
2021/8/5,4,0,
2021/8/6,5,0,
2021/8/7,6,1,
2021/8/8,7,1,
2021/8/9,1,0,
2021/8/10,2,0,
2021/8/11,3,0,
2021/8/12,4,0,
2021/8/13,5,0,
2021/8/14,6,1,
2021/8/15,7,1,
2021/8/16,1,0,
2021/8/17,2,0,
2021/8/18,3,0,
2021/8/19,4,0,
2021/8/20,5,0,
2021/8/21,6,1,
2021/8/22,7,1,
2021/8/23,1,0,
2021/8/24,2,0,
2021/8/25,3,0,
2021/8/26,4,0,
2021/8/27,5,0,
2021/8/28,6,1,
2021/8/29,7,1,
2021/8/30,1,0,
2021/8/31,2,0,
2021/9/1,3,0,
2021/9/2,4,0,
2021/9/3,5,0,
2021/9/4,6,1,
2021/9/5,7,1,
2021/9/6,1,0,
2021/9/7,2,0,
2021/9/8,3,0,
2021/9/9,4,0,
2021/9/10,5,0,
2021/9/11,6,1,
2021/9/12,7,1,
2021/9/13,1,0,
2021/9/14,2,0,
2021/9/15,3,0,
2021/9/16,4,0,
2021/9/17,5,0,
2021/9/18,6,0,
2021/9/19,7,1,MoonFestival
2021/9/20,1,1,MoonFestival
2021/9/21,2,1,MoonFestival
2021/9/22,3,0,
2021/9/23,4,0,
2021/9/24,5,0,
2021/9/25,6,1,
2021/9/26,7,0,
2021/9/27,1,0,
2021/9/28,2,0,
2021/9/29,3,0,
2021/9/30,4,0,
2021/10/1,5,1,NationalDay
2021/10/2,6,1,NationalDay
2021/10/3,7,1,NationalDay
2021/10/4,1,1,NationalDay
2021/10/5,2,1,NationalDay
2021/10/6,3,1,NationalDay
2021/10/7,4,1,NationalDay
2021/10/8,5,0,
2021/10/9,6,0,
2021/10/10,7,1,
2021/10/11,1,0,
2021/10/12,2,0,
2021/10/13,3,0,
2021/10/14,4,0,
2021/10/15,5,0,
2021/10/16,6,1,
2021/10/17,7,1,
2021/10/18,1,0,
2021/10/19,2,0,
2021/10/20,3,0,
2021/10/21,4,0,
2021/10/22,5,0,
2021/10/23,6,1,
2021/10/24,7,1,
2021/10/25,1,0,
2021/10/26,2,0,
2021/10/27,3,0,
2021/10/28,4,0,
2021/10/29,5,0,
2021/10/30,6,1,
2021/10/31,7,1,
2021/11/1,1,0,
2021/11/2,2,0,
2021/11/3,3,0,
2021/11/4,4,0,
2021/11/5,5,0,
2021/11/6,6,1,
2021/11/7,7,1,
2021/11/8,1,0,
2021/11/9,2,0,
2021/11/10,3,0,
2021/11/11,4,0,
2021/11/12,5,0,
2021/11/13,6,1,
2021/11/14,7,1,
2021/11/15,1,0,
2021/11/16,2,0,
2021/11/17,3,0,
2021/11/18,4,0,
2021/11/19,5,0,
2021/11/20,6,1,
2021/11/21,7,1,
2021/11/22,1,0,
2021/11/23,2,0,
2021/11/24,3,0,
2021/11/25,4,0,
2021/11/26,5,0,
2021/11/27,6,1,
2021/11/28,7,1,
2021/11/29,1,0,
2021/11/30,2,0,
2021/12/1,3,0,
2021/12/2,4,0,
2021/12/3,5,0,
2021/12/4,6,1,
2021/12/5,7,1,
2021/12/6,1,0,
2021/12/7,2,0,
2021/12/8,3,0,
2021/12/9,4,0,
2021/12/10,5,0,
2021/12/11,6,1,
2021/12/12,7,1,
2021/12/13,1,0,
2021/12/14,2,0,
2021/12/15,3,0,
2021/12/16,4,0,
2021/12/17,5,0,
2021/12/18,6,1,
2021/12/19,7,1,
2021/12/20,1,0,
2021/12/21,2,0,
2021/12/22,3,0,
2021/12/23,4,0,
2021/12/24,5,0,
2021/12/25,6,1,
2021/12/26,7,1,
2021/12/27,1,0,
2021/12/28,2,0,
2021/12/29,3,0,
2021/12/30,4,0,
2021/12/31,5,1,NewYearsDay
2022/1/1,6,1,NewYearsDay
2022/1/2,7,1,NewYearsDay
2022/1/3,1,0,
2022/1/4,2,0,
2022/1/5,3,0,
2022/1/6,4,0,
2022/1/7,5,0,
2022/1/8,6,1,
2022/1/9,7,1,
2022/1/10,1,0,
2022/1/11,2,0,
2022/1/12,3,0,
2022/1/13,4,0,
2022/1/14,5,0,
2022/1/15,6,1,
2022/1/16,7,1,
2022/1/17,1,0,
2022/1/18,2,0,
2022/1/19,3,0,
2022/1/20,4,0,
2022/1/21,5,0,
2022/1/22,6,1,
2022/1/23,7,1,
2022/1/24,1,0,
2022/1/25,2,0,
2022/1/26,3,0,
2022/1/27,4,0,
2022/1/28,5,0,
2022/1/29,6,0,
2022/1/30,7,0,
2022/1/31,1,1,ChineseNewYearsEve
2022/2/1,2,1,ChineseNewYear
2022/2/2,3,1,ChineseNewYear
2022/2/3,4,1,ChineseNewYear
2022/2/4,5,1,ChineseNewYear
2022/2/5,6,1,ChineseNewYear
2022/2/6,7,1,ChineseNewYear
2022/2/7,1,0,
2022/2/8,2,0,
2022/2/9,3,0,
2022/2/10,4,0,
2022/2/11,5,0,
2022/2/12,6,1,
2022/2/13,7,1,
2022/2/14,1,0,
2022/2/15,2,0,
2022/2/16,3,0,
2022/2/17,4,0,
2022/2/18,5,0,
2022/2/19,6,1,
2022/2/20,7,1,
2022/2/21,1,0,
2022/2/22,2,0,
2022/2/23,3,0,
2022/2/24,4,0,
2022/2/25,5,0,
2022/2/26,6,1,
2022/2/27,7,1,
2022/2/28,1,0,
2022/3/1,2,0,
2022/3/2,3,0,
2022/3/3,4,0,
2022/3/4,5,0,
2022/3/5,6,1,
2022/3/6,7,1,
2022/3/7,1,0,
2022/3/8,2,0,
2022/3/9,3,0,
2022/3/10,4,0,
2022/3/11,5,0,
2022/3/12,6,1,
2022/3/13,7,1,
2022/3/14,1,0,
2022/3/15,2,0,
2022/3/16,3,0,
2022/3/17,4,0,
2022/3/18,5,0,
2022/3/19,6,1,
2022/3/20,7,1,
2022/3/21,1,0,
2022/3/22,2,0,
2022/3/23,3,0,
2022/3/24,4,0,
2022/3/25,5,0,
2022/3/26,6,1,
2022/3/27,7,1,
2022/3/28,1,0,
2022/3/29,2,0,
2022/3/30,3,0,
2022/3/31,4,0,
2022/4/1,5,0,
2022/4/2,6,0,
2022/4/3,7,1,QingMing
2022/4/4,1,1,QingMing
2022/4/5,2,1,QingMing
2022/4/6,3,0,
2022/4/7,4,0,
2022/4/8,5,0,
2022/4/9,6,1,
2022/4/10,7,1,
2022/4/11,1,0,
2022/4/12,2,0,
2022/4/13,3,0,
2022/4/14,4,0,
2022/4/15,5,0,
2022/4/16,6,1,
2022/4/17,7,1,
2022/4/18,1,0,
2022/4/19,2,0,
2022/4/20,3,0,
2022/4/21,4,0,
2022/4/22,5,0,
2022/4/23,6,1,
2022/4/24,7,1,
2022/4/25,1,0,
2022/4/26,2,0,
2022/4/27,3,0,
2022/4/28,4,0,
2022/4/29,5,0,
2022/4/30,6,0,
2022/5/1,7,1,LaborsDay
2022/5/2,1,1,LaborsDay
2022/5/3,2,1,LaborsDay
2022/5/4,3,1,LaborsDay
2022/5/5,4,1,LaborsDay
2022/5/6,5,0,
2022/5/7,6,1,
2022/5/8,7,1,
2022/5/9,1,0,
2022/5/10,2,0,
2022/5/11,3,0,
2022/5/12,4,0,
2022/5/13,5,0,
2022/5/14,6,1,
2022/5/15,7,1,
2022/5/16,1,0,
2022/5/17,2,0,
2022/5/18,3,0,
2022/5/19,4,0,
2022/5/20,5,0,
2022/5/21,6,1,
2022/5/22,7,1,
2022/5/23,1,0,
2022/5/24,2,0,
2022/5/25,3,0,
2022/5/26,4,0,
2022/5/27,5,0,
2022/5/28,6,1,
2022/5/29,7,1,
2022/5/30,1,0,
2022/5/31,2,0,
2022/6/1,3,0,
2022/6/2,4,0,
2022/6/3,5,1,DragonBoatDay
2022/6/4,6,1,DragonBoatDay
2022/6/5,7,1,DragonBoatDay
2022/6/6,1,0,
2022/6/7,2,0,
2022/6/8,3,0,
2022/6/9,4,0,
2022/6/10,5,0,
2022/6/11,6,1,
2022/6/12,7,1,
2022/6/13,1,0,
2022/6/14,2,0,
2022/6/15,3,0,
2022/6/16,4,0,
2022/6/17,5,0,
2022/6/18,6,1,
2022/6/19,7,1,
2022/6/20,1,0,
2022/6/21,2,0,
2022/6/22,3,0,
2022/6/23,4,0,
2022/6/24,5,0,
2022/6/25,6,1,
2022/6/26,7,1,
2022/6/27,1,0,
2022/6/28,2,0,
2022/6/29,3,0,
2022/6/30,4,0,
2022/7/1,5,0,
2022/7/2,6,1,
2022/7/3,7,1,
2022/7/4,1,0,
2022/7/5,2,0,
2022/7/6,3,0,
2022/7/7,4,0,
2022/7/8,5,0,
2022/7/9,6,1,
2022/7/10,7,1,
2022/7/11,1,0,
2022/7/12,2,0,
2022/7/13,3,0,
2022/7/14,4,0,
2022/7/15,5,0,
2022/7/16,6,1,
2022/7/17,7,1,
2022/7/18,1,0,
2022/7/19,2,0,
2022/7/20,3,0,
2022/7/21,4,0,
2022/7/22,5,0,
2022/7/23,6,1,
2022/7/24,7,1,
2022/7/25,1,0,
2022/7/26,2,0,
2022/7/27,3,0,
2022/7/28,4,0,
2022/7/29,5,0,
2022/7/30,6,1,
2022/7/31,7,1,
2022/8/1,1,0,
2022/8/2,2,0,
2022/8/3,3,0,
2022/8/4,4,0,
2022/8/5,5,0,
2022/8/6,6,1,
2022/8/7,7,1,
2022/8/8,1,0,
2022/8/9,2,0,
2022/8/10,3,0,
2022/8/11,4,0,
2022/8/12,5,0,
2022/8/13,6,1,
2022/8/14,7,1,
2022/8/15,1,0,
2022/8/16,2,0,
2022/8/17,3,0,
2022/8/18,4,0,
2022/8/19,5,0,
2022/8/20,6,1,
2022/8/21,7,1,
2022/8/22,1,0,
2022/8/23,2,0,
2022/8/24,3,0,
2022/8/25,4,0,
2022/8/26,5,0,
2022/8/27,6,1,
2022/8/28,7,1,
2022/8/29,1,0,
2022/8/30,2,0,
2022/8/31,3,0,
2022/9/1,4,0,
2022/9/2,5,0,
2022/9/3,6,1,
2022/9/4,7,1,
2022/9/5,1,0,
2022/9/6,2,0,
2022/9/7,3,0,
2022/9/8,4,0,
2022/9/9,5,1,MoonFestival
2022/9/10,6,1,MoonFestival
2022/9/11,7,1,MoonFestival
2022/9/12,1,0,
2022/9/13,2,0,
2022/9/14,3,0,
2022/9/15,4,0,
2022/9/16,5,0,
2022/9/17,6,1,
2022/9/18,7,1,
2022/9/19,1,0,
2022/9/20,2,0,
2022/9/21,3,0,
2022/9/22,4,0,
2022/9/23,5,0,
2022/9/24,6,1,
2022/9/25,7,1,
2022/9/26,1,0,
2022/9/27,2,0,
2022/9/28,3,0,
2022/9/29,4,0,
2022/9/30,5,0,
2022/10/1,6,1,NationalDay
2022/10/2,7,1,NationalDay
2022/10/3,1,1,NationalDay
2022/10/4,2,1,NationalDay
2022/10/5,3,1,NationalDay
2022/10/6,4,1,NationalDay
2022/10/7,5,1,NationalDay
2022/10/8,6,0,
2022/10/9,7,0,
2022/10/10,1,0,
2022/10/11,2,0,
2022/10/12,3,0,
2022/10/13,4,0,
2022/10/14,5,0,
2022/10/15,6,1,
2022/10/16,7,1,
2022/10/17,1,0,
2022/10/18,2,0,
2022/10/19,3,0,
2022/10/20,4,0,
2022/10/21,5,0,
2022/10/22,6,1,
2022/10/23,7,1,
2022/10/24,1,0,
2022/10/25,2,0,
2022/10/26,3,0,
2022/10/27,4,0,
2022/10/28,5,0,
2022/10/29,6,1,
2022/10/30,7,1,
2022/10/31,1,0,
2022/11/1,2,0,
2022/11/2,3,0,
2022/11/3,4,0,
2022/11/4,5,0,
2022/11/5,6,1,
2022/11/6,7,1,
2022/11/7,1,0,
2022/11/8,2,0,
2022/11/9,3,0,
2022/11/10,4,0,
2022/11/11,5,0,
2022/11/12,6,1,
2022/11/13,7,1,
2022/11/14,1,0,
2022/11/15,2,0,
2022/11/16,3,0,
2022/11/17,4,0,
2022/11/18,5,0,
2022/11/19,6,1,
2022/11/20,7,1,
2022/11/21,1,0,
2022/11/22,2,0,
2022/11/23,3,0,
2022/11/24,4,0,
2022/11/25,5,0,
2022/11/26,6,1,
2022/11/27,7,1,
2022/11/28,1,0,
2022/11/29,2,0,
2022/11/30,3,0,
2022/12/1,4,0,
2022/12/2,5,0,
2022/12/3,6,1,
2022/12/4,7,1,
2022/12/5,1,0,
2022/12/6,2,0,
2022/12/7,3,0,
2022/12/8,4,0,
2022/12/9,5,0,
2022/12/10,6,1,
2022/12/11,7,1,
2022/12/12,1,0,
2022/12/13,2,0,
2022/12/14,3,0,
2022/12/15,4,0,
2022/12/16,5,0,
2022/12/17,6,1,
2022/12/18,7,1,
2022/12/19,1,0,
2022/12/20,2,0,
2022/12/21,3,0,
2022/12/22,4,0,
2022/12/23,5,0,
2022/12/24,6,1,
2022/12/25,7,1,
2022/12/26,1,0,
2022/12/27,2,0,
2022/12/28,3,0,
2022/12/29,4,0,
2022/12/30,5,0,
2022/12/31,6,1,
